unit_id	scientificName	source_lane	species_taxid	declared_species	parent_assembly	ani_match	summary_match	in_refseq	taxonomy_check	best_match_status	best_match_species	ncbi_current_species	version_status	excluded_from_refseq	relation_to_type_material	seq_rel_date	confounded	flags
Acholeplasma_laidlawii~GCF_000018785.1	Acholeplasma_laidlawii	NCBI-REF	2148	Acholeplasma laidlawii	GCF_000018785.1	exact	exact	yes	OK	species-match	Acholeplasma laidlawii	Acholeplasma laidlawii	latest		assembly from type material	2007-12-07		
Acinetobacter_baumannii~GCF_009035845.1	Acinetobacter_baumannii	NCBI-REF	470	Acinetobacter baumannii	GCF_009035845.1	exact	exact	yes	OK	species-match	Acinetobacter baumannii	Acinetobacter baumannii	latest		assembly from type material	2019-10-16		
Acinetobacter_pittii~GCF_000191145.1	Acinetobacter_pittii	NCBI-REF	48296	Acinetobacter pittii	GCF_000191145.1	exact	exact	yes	OK	species-match	Acinetobacter pittii	Acinetobacter pittii	latest			2011-03-03		
Actinobacillus_pleuropneumoniae~GCF_003290385.1	Actinobacillus_pleuropneumoniae	NCBI-REF	715	Actinobacillus pleuropneumoniae	GCF_003290385.1	exact	exact	yes	OK	species-match	Actinobacillus pleuropneumoniae	Actinobacillus pleuropneumoniae	latest		assembly from type material	2018-07-08		
Aggregatibacter_aphrophilus~GCF_900636915.1	Aggregatibacter_aphrophilus	NCBI-REF	732	Aggregatibacter aphrophilus	GCF_900636915.1	exact	exact	yes	OK	species-match	Aggregatibacter aphrophilus	Aggregatibacter aphrophilus	latest		assembly from type material	2018-12-20		
Agrobacterium_fabrum~GCF_000092025.1	Agrobacterium_fabrum	NCBI-REF	1176649	Agrobacterium fabrum	GCF_000092025.1	exact	exact	yes	OK	below-threshold-mismatch	Agrobacterium radiobacter	Agrobacterium fabrum	latest		assembly from type material	2007-11-05		best_match_species_mismatch
Aliivibrio_fischeri~GCF_000011805.1	Aliivibrio_fischeri	NCBI-REF	668	Aliivibrio fischeri	GCF_000011805.1	exact	exact	yes	OK	species-match	Aliivibrio fischeri	Aliivibrio fischeri	latest			2008-04-02		
Alkaliphilus_transvaalensis~GCF_000016985.1	Alkaliphilus_transvaalensis	NCBI-REF	208226	Alkaliphilus metalliredigens	GCF_000016985.1	exact	exact	yes	OK	low-coverage	Andreesenella formicacetica	Alkaliphilus metalliredigens	latest		assembly from type material	2007-06-28		best_match_species_mismatch
Amycolatopsis_mediterranei~GCF_000220945.1	Amycolatopsis_mediterranei	NCBI-REF	33910	Amycolatopsis mediterranei	GCF_000220945.1	exact	exact	yes	OK	species-match	Amycolatopsis mediterranei	Amycolatopsis mediterranei	latest		assembly from type material	2011-07-19		
Aquifex_aeolicus~GCF_000008625.1	Aquifex_aeolicus	NCBI-REF	63363	Aquifex aeolicus	GCF_000008625.1	exact	exact	yes	OK	below-threshold-mismatch	Aquifex pyrophilus	Aquifex aeolicus	latest		assembly from type material	1999-12-22		best_match_species_mismatch
Arcobacter_bivalviorum~GCF_003346815.1	Arcobacter_bivalviorum	NCBI-REF	663364	Halarcobacter bivalviorum	GCF_003346815.1	exact	exact	yes	OK	species-match	Halarcobacter bivalviorum	Halarcobacter bivalviorum	latest		assembly from type material	2018-07-31		
Arcobacter_cibarius~GCF_008808035.1	Arcobacter_cibarius	SME	255507	Aliarcobacter cibarius	GCF_008808035.1	exact	exact	yes	OK	species-match	Aliarcobacter cibarius	Aliarcobacter cibarius	latest			2019-10-03		
Arcobacter_ellisii~GCF_003544915.1	Arcobacter_ellisii	SME	913109	Arcobacter ellisii	GCF_003544915.1	exact	exact	yes	OK	species-match	Arcobacter ellisii	Arcobacter ellisii	latest		assembly from type material	2018-09-11		
Arcobacter_halophilus~GCF_003346755.1	Arcobacter_halophilus	NCBI-REF	197482	Malaciobacter halophilus	GCF_003346755.1	exact	exact	yes	OK	species-match	Malaciobacter halophilus	Malaciobacter halophilus	latest			2018-07-31		
Arcobacter_molluscorum~GCF_003544935.1	Arcobacter_molluscorum	NCBI-REF	1032072	Malaciobacter molluscorum	GCF_003544935.1	exact	exact	yes	OK	species-match	Malaciobacter molluscorum	Malaciobacter molluscorum	latest		assembly from type material	2018-09-11		
Arcobacter_mytili~GCF_003346775.1	Arcobacter_mytili	NCBI-REF	603050	Malaciobacter mytili	GCF_003346775.1	exact	exact	yes	OK	species-match	Malaciobacter mytili	Malaciobacter mytili	latest		assembly from type material	2018-07-31		
Arcobacter_skirrowii~GCF_003544835.1	Arcobacter_skirrowii	NCBI-REF	28200	Aliarcobacter skirrowii	GCF_003544835.1	exact	exact	yes	OK	species-match	Aliarcobacter skirrowii	Aliarcobacter skirrowii	latest		assembly from type material	2018-09-11		
Arcobacter_suis~GCF_003544815.1	Arcobacter_suis	NCBI-REF	1278212	Arcobacter suis	GCF_003544815.1	exact	exact	yes	OK	species-match	Arcobacter suis	Arcobacter suis	latest		assembly from type material	2018-09-11		
Arcobacter_thereius~GCF_004214815.1	Arcobacter_thereius	NCBI-REF	544718	Aliarcobacter thereius	GCF_004214815.1	exact	exact	yes	OK	species-match	Aliarcobacter thereius	Aliarcobacter thereius	latest		assembly from type material	2019-02-20		
Arcobacter_trophiarum~GCF_003355515.1	Arcobacter_trophiarum	NCBI-REF	708186	Aliarcobacter trophiarum	GCF_003355515.1	exact	exact	yes	OK	species-match	Aliarcobacter trophiarum	Aliarcobacter trophiarum	latest		assembly from type material	2018-08-06		
Atlantibacter_hermannii~GCF_008064855.1	Atlantibacter_hermannii	SME	565	Atlantibacter hermannii	GCF_008064855.1	exact	exact	yes	OK	species-match	Atlantibacter hermannii	Atlantibacter hermannii	latest			2019-08-22		
Bacillus_cereus~GCF_000283675.1	Bacillus_cereus	SME	1396	Bacillus cereus	GCF_000283675.1	exact	exact	no	Failed	mismatch	Bacillus paranthracis	Bacillus cereus	latest	unverified source organism		2011-11-28	A/marker	refseq_excluded_identity;confounded_ani_ambiguity
Bacillus_pumilus~GCF_000017885.4	Bacillus_pumilus	NCBI-REF	1408	Bacillus pumilus	GCF_000017885.4	exact	exact	yes	OK	species-match	Bacillus pumilus	Bacillus pumilus	latest			2016-03-15		
Bacillus_subtilis~GCF_000009045.1	Bacillus_subtilis	SME	1423	Bacillus subtilis	GCF_000009045.1	exact	exact	yes	OK	derived-species-match	Bacillus subtilis	Bacillus subtilis	latest		assembly from type material	2009-03-17		
Bacillus_thuringiensis~GCF_000008505.1	Bacillus_thuringiensis	SME	1428	Bacillus thuringiensis	GCF_000008505.1	exact	exact	yes	Inconclusive	below-threshold-mismatch	Bacillus anthracis	Bacillus thuringiensis	latest			2004-06-28	A/marker	confounded_ani_ambiguity
Bacteroides_fragilis~GCF_000025985.1	Bacteroides_fragilis	NCBI-REF	817	Bacteroides fragilis	GCF_000025985.1	exact	exact	yes	OK	species-match	Bacteroides fragilis	Bacteroides fragilis	latest		assembly from type material	2005-03-03		
Bacteroides_thetaiotaomicron~GCF_014131755.1	Bacteroides_thetaiotaomicron	NCBI-REF	818	Bacteroides thetaiotaomicron	GCF_014131755.1	exact	exact	yes	OK	species-match	Bacteroides thetaiotaomicron	Bacteroides thetaiotaomicron	latest		assembly from type material	2020-08-10		
Bartonella_bacilliformis~GCF_000015445.1	Bartonella_bacilliformis	NCBI-REF	774	Bartonella bacilliformis	GCF_000015445.1	exact	exact	yes	OK	below-threshold-mismatch	Bartonella chomelii	Bartonella bacilliformis	latest		assembly from type material	2007-01-04		best_match_species_mismatch
Bifidobacterium_bifidum~GCF_017894325.1	Bifidobacterium_bifidum	NCBI-REF	1681	Bifidobacterium bifidum	GCF_017894325.1	exact	exact	yes	OK	species-match	Bifidobacterium bifidum	Bifidobacterium bifidum	latest			2021-04-09		
Bifidobacterium_longum~GCF_000196555.1	Bifidobacterium_longum	NCBI-REF	216816	Bifidobacterium longum	GCF_000196555.1	exact	exact	yes	OK	species-match	Bifidobacterium longum	Bifidobacterium longum	latest		assembly from type material	2011-01-28		
Bordetella_bronchiseptica~GCF_900636925.1	Bordetella_bronchiseptica	NCTC3000	518	Bordetella bronchiseptica	GCF_900636925.1	exact	exact	yes	OK	species-match	Bordetella bronchiseptica	Bordetella bronchiseptica	latest			2018-12-20		
Bordetella_pertussis~GCF_001605295.1	Bordetella_pertussis	SME	520	Bordetella pertussis	GCF_001605295.1	exact	exact	yes	OK	species-match	Bordetella pertussis	Bordetella pertussis	latest			2016-03-31		
Borreliella_burgdorferi~GCF_000008685.1	Borreliella_burgdorferi	SME	139	Borreliella burgdorferi	GCF_000008685.1	version-differs	version-differs	yes	OK	species-match	Borreliella burgdorferi	Borreliella burgdorferi	latest		assembly from type material	2011-11-09		assembly_superseded
Brachybacterium_faecium~GCF_000023405.1	Brachybacterium_faecium	NCBI-REF	43669	Brachybacterium faecium	GCF_000023405.1	exact	exact	no	OK	below-threshold-mismatch	Brachybacterium vulturis	Brachybacterium faecium	latest	RefSeq annotation failed	assembly from type material	2009-08-25		best_match_species_mismatch;refseq_excluded_qc
Bradyrhizobium_diazoefficiens~GCF_000011365.1	Bradyrhizobium_diazoefficiens	NCBI-REF	1355477	Bradyrhizobium diazoefficiens	GCF_000011365.1	exact	exact	yes	OK	species-match	Bradyrhizobium diazoefficiens	Bradyrhizobium diazoefficiens	latest		assembly from type material	2004-05-11		
Buchnera_aphidicola~GCF_000009605.1	Buchnera_aphidicola	NCBI-REF	9	Buchnera aphidicola	GCF_000009605.1	exact	exact	yes	Inconclusive	below-threshold-match	Buchnera aphidicola	Buchnera aphidicola	latest			2004-05-11		tax_check_inconclusive
Burkholderia_pseudomallei~GCF_000011545.1	Burkholderia_pseudomallei	SME	28450	Burkholderia pseudomallei	GCF_000011545.1	exact	exact	yes	OK	species-match	Burkholderia pseudomallei	Burkholderia pseudomallei	latest			2004-09-16		
Campylobacter_avium~GCF_002238335.1	Campylobacter_avium	NCBI-REF	522485	Campylobacter avium	GCF_002238335.1	exact	exact	yes	OK	low-coverage	Campylobacter troglodytis	Campylobacter avium	latest		assembly from type material	2017-08-01		best_match_species_mismatch
Campylobacter_coli~GCF_003030205.1	Campylobacter_coli	SME	195	Campylobacter coli	GCF_003030205.1	exact	exact	yes	OK	species-match	Campylobacter coli	Campylobacter coli	latest			2018-04-02		
Campylobacter_concisus~GCF_001298465.1	Campylobacter_concisus	SME	199	Campylobacter concisus	GCF_001298465.1	exact	exact	yes	OK	low-coverage	Campylobacter showae	Campylobacter concisus	latest		assembly from type material	2015-09-24		best_match_species_mismatch
Campylobacter_cuniculorum~GCF_002104335.1	Campylobacter_cuniculorum	SME	374106	Campylobacter cuniculorum	GCF_002104335.1	exact	exact	yes	OK	species-match	Campylobacter cuniculorum	Campylobacter cuniculorum	latest		assembly from type material	2017-04-21		
Campylobacter_fetus~GCF_000495505.1	Campylobacter_fetus	SME	196	Campylobacter fetus	GCF_000495505.1	exact	exact	no	Inconclusive	below-threshold-match	Campylobacter fetus	Campylobacter fetus	latest	unverified source organism; not used as type		2013-11-05		tax_check_inconclusive;refseq_excluded_identity
Campylobacter_gracilis~GCF_001190745.1	Campylobacter_gracilis	SME	824	Campylobacter gracilis	GCF_001190745.1	exact	exact	yes	OK	species-match	Campylobacter gracilis	Campylobacter gracilis	latest		assembly from type material	2015-08-03		
Campylobacter_helveticus~GCF_002080395.1	Campylobacter_helveticus	SME	28898	Campylobacter helveticus	GCF_002080395.1	exact	exact	yes	OK	species-match	Campylobacter helveticus	Campylobacter helveticus	latest		assembly from type material	2017-04-06		
Campylobacter_hyointestinalis_hyointestinalis~GCF_001643955.1	Campylobacter_hyointestinalis_hyointestinalis;Campylobacter_hyointestinalis_lawsonii	SME	198	Campylobacter hyointestinalis	GCF_001643955.1	exact	exact	yes	OK	derived-species-match	Campylobacter hyointestinalis	Campylobacter hyointestinalis	latest			2016-05-16		
Campylobacter_insulaenigrae~GCF_000816185.1	Campylobacter_insulaenigrae	SME	260714	Campylobacter insulaenigrae	GCF_000816185.1	exact	exact	yes	OK	species-match	Campylobacter insulaenigrae	Campylobacter insulaenigrae	latest		assembly from type material	2015-01-07		
Campylobacter_jejuni_jejuni~GCF_000009085.1	Campylobacter_jejuni_jejuni	SME	197	Campylobacter jejuni	GCF_000009085.1	exact	exact	yes	OK	derived-species-match	Campylobacter jejuni	Campylobacter jejuni	latest			2003-05-06		
Campylobacter_lanienae~GCF_002139935.1	Campylobacter_lanienae	SME	75658	Campylobacter lanienae	GCF_002139935.1	exact	exact	yes	OK	below-threshold-mismatch	Campylobacter devanensis	Campylobacter lanienae	latest		assembly from type material	2017-05-15		best_match_species_mismatch
Campylobacter_lari~GCF_000019205.1	Campylobacter_lari	SME	201	Campylobacter lari	GCF_000019205.1	exact	exact	yes	OK	species-match	Campylobacter lari	Campylobacter lari	latest			2009-02-05		
Campylobacter_peloridis~GCF_000816785.1	Campylobacter_peloridis	SME	488546	Campylobacter peloridis	GCF_000816785.1	exact	exact	yes	OK	below-threshold-mismatch	Campylobacter ornithocola	Campylobacter peloridis	latest		assembly from type material	2015-01-07		best_match_species_mismatch
Campylobacter_sputorum~GCF_002220735.1	Campylobacter_sputorum	SME	206	Campylobacter sputorum	GCF_002220735.1	exact	exact	yes	OK	derived-species-match	Campylobacter sputorum	Campylobacter sputorum	latest			2017-07-18		
Campylobacter_subantarcticus~GCF_000816265.1	Campylobacter_subantarcticus	SME	497724	Campylobacter subantarcticus	GCF_000816265.1	exact	exact	yes	OK	species-match	Campylobacter subantarcticus	Campylobacter subantarcticus	latest			2015-01-07		
Campylobacter_ureolyticus~GCF_001190755.1	Campylobacter_ureolyticus	SME	827	Campylobacter ureolyticus	GCF_001190755.1	exact	exact	yes	OK	species-match	Campylobacter ureolyticus	Campylobacter ureolyticus	latest			2015-08-03		
Campylobacter_volucris~GCF_000816345.1	Campylobacter_volucris	SME	1031542	Campylobacter volucris	GCF_000816345.1	exact	exact	yes	OK	species-match	Campylobacter volucris	Campylobacter volucris	latest			2015-01-07		
Candidatus_Desulforudis_audaxviator~GCF_000018425.1	Candidatus_Desulforudis_audaxviator	NCBI-REF	471827	Candidatus Desulforudis audaxviator	GCF_000018425.1	exact	exact	yes	OK	species-match	Desulforudis audaxviator	Desulforudis audaxviator	latest		assembly from type material	2008-03-06		
Candidatus_Korarchaeum_cryptofilum~GCF_000019605.1	Candidatus_Korarchaeum_cryptofilum	NCBI-REF	498846	Candidatus Korarchaeum cryptofilum	GCF_000019605.1	exact	exact	yes	Inconclusive	low-coverage	Aeropyrum pernix	Candidatus Korarchaeum cryptofilum	latest			2008-03-18		tax_check_inconclusive;best_match_species_mismatch
Caulobacter_vibrioides~GCF_000022005.1	Caulobacter_vibrioides	NCBI-REF	155892	Caulobacter vibrioides	GCF_000022005.1	exact	exact	yes	OK	species-match	Caulobacter vibrioides	Caulobacter vibrioides	latest			2009-01-16		
Chlamydia_pneumoniae~GCF_000008745.1	Chlamydia_pneumoniae	NCBI-REF	83558	Chlamydia pneumoniae	GCF_000008745.1	exact	exact	yes	OK	species-match	Chlamydia pneumoniae	Chlamydia pneumoniae	latest			1999-12-22		
Chlamydia_psittaci~GCF_000204255.1	Chlamydia_psittaci	NCBI-REF	83554	Chlamydia psittaci	GCF_000204255.1	exact	exact	yes	OK	species-match	Chlamydia psittaci	Chlamydia psittaci	latest		assembly from type material	2011-04-14		
Chlamydia_trachomatis~GCF_000008725.1	Chlamydia_trachomatis	NCBI-REF	813	Chlamydia trachomatis	GCF_000008725.1	exact	exact	yes	OK	species-match	Chlamydia trachomatis	Chlamydia trachomatis	latest			2001-01-09		
Chlorobaculum_tepidum~GCF_000006985.1	Chlorobaculum_tepidum	NCBI-REF	1097	Chlorobaculum tepidum	GCF_000006985.1	exact	exact	yes	OK	below-threshold-mismatch	Chlorobaculum thiosulfatiphilum	Chlorobaculum tepidum	latest		assembly from type material	2002-07-02		best_match_species_mismatch
Chloroflexus_aurantiacus~GCF_000018865.1	Chloroflexus_aurantiacus	NCBI-REF	1108	Chloroflexus aurantiacus	GCF_000018865.1	exact	exact	yes	OK	low-coverage	Candidatus Chloroploca mongolica	Chloroflexus aurantiacus	latest		assembly from type material	2007-12-20		best_match_species_mismatch
Citrobacter_amalonaticus~GCF_001558935.2	Citrobacter_amalonaticus	FDA-ARGOS	35703	Citrobacter amalonaticus	GCF_001558935.2	exact	exact	yes	OK	species-match	Citrobacter amalonaticus	Citrobacter amalonaticus	latest			2018-02-12		
Citrobacter_freundii~GCF_000648515.1	Citrobacter_freundii	SME	546	Citrobacter freundii	GCF_000648515.1	exact	exact	no	Failed	mismatch	Citrobacter cronae	Citrobacter freundii	latest	unverified source organism		2014-04-28		tax_check_failed;best_match_species_mismatch;refseq_excluded_identity
Clavibacter_michiganensis_sepedonicus~GCF_000069225.1	Clavibacter_michiganensis_sepedonicus	NCBI-REF	28447	Clavibacter michiganensis	GCF_000069225.1	exact	exact	yes	OK	species-match	Clavibacter sepedonicus	Clavibacter sepedonicus	latest		assembly from type material	2008-02-29		best_match_species_mismatch;ncbi_reclassified
Clostridioides_difficile~GCF_000009205.1	Clostridioides_difficile	SME	1496	Clostridioides difficile	GCF_000009205.1	version-differs	version-differs	yes	OK	species-match	Clostridioides difficile	Clostridioides difficile	latest			2017-09-29		assembly_superseded
Clostridium_acetobutylicum~GCF_000008765.1	Clostridium_acetobutylicum	SME	1488	Clostridium acetobutylicum	GCF_000008765.1	exact	exact	yes	OK	below-threshold-mismatch	Clostridium felsineum	Clostridium acetobutylicum	latest		assembly from type material	2002-11-22		best_match_species_mismatch
Clostridium_argentinense~GCF_002074155.1	Clostridium_argentinense	SME	29341	Clostridium argentinense	GCF_002074155.1	exact	exact	yes	Inconclusive	below-threshold-mismatch	Clostridium faecium	Clostridium argentinense	latest			2017-03-29		tax_check_inconclusive;best_match_species_mismatch
Clostridium_baratii~GCF_001991075.2	Clostridium_baratii	SME	1561	Clostridium baratii	GCF_001991075.2	exact	exact	yes	OK	species-match	Clostridium baratii	Clostridium baratii	latest			2018-05-01		
Clostridium_botulinum_groupI~GCF_000020285.1	Clostridium_botulinum_groupI	SME	1491	Clostridium botulinum	GCF_000020285.1	exact	exact	yes	Inconclusive	below-threshold-mismatch	Clostridium caccae	Clostridium botulinum	latest			2008-05-16	B/ANI	confounded_ani_ambiguity
Clostridium_botulinum_groupII~GCF_000019305.1	Clostridium_botulinum_groupII	SME	1491	Clostridium botulinum	GCF_000019305.1	exact	exact	yes	OK	species-match	Clostridium botulinum	Clostridium botulinum	latest			2008-02-28	B/ANI	
Clostridium_butyricum~GCF_001886875.1	Clostridium_butyricum	SME	1492	Clostridium butyricum	GCF_001886875.1	exact	exact	yes	OK	species-match	Clostridium butyricum	Clostridium butyricum	latest			2016-11-28		
Clostridium_perfringens~GCF_000013845.1	Clostridium_perfringens	SME	1502	Clostridium perfringens	GCF_000013845.1	version-differs	version-differs	yes	OK	species-match	Clostridium perfringens	Clostridium perfringens	latest			2006-07-26		assembly_superseded
Corynebacterium_diphtheriae~GCF_021560115.1	Corynebacterium_diphtheriae	NCBI-REF	1717	Corynebacterium diphtheriae	GCF_021560115.1	exact	exact	yes	OK	derived-species-match	Corynebacterium diphtheriae	Corynebacterium diphtheriae	latest			2022-01-24		
Corynebacterium_glutamicum~GCF_000011325.1	Corynebacterium_glutamicum	NCBI-REF	1718	Corynebacterium glutamicum	GCF_000011325.1	exact	exact	yes	OK	species-match	Corynebacterium glutamicum	Corynebacterium glutamicum	latest		assembly from type material	2004-02-18		
Corynebacterium_pseudotuberculosis~GCF_002155265.1	Corynebacterium_pseudotuberculosis	NCBI-REF	1719	Corynebacterium pseudotuberculosis	GCF_002155265.1	exact	exact	yes	OK	species-match	Corynebacterium pseudotuberculosis	Corynebacterium pseudotuberculosis	latest		assembly from type material	2017-05-22		
Corynebacterium_urealyticum~GCF_000069945.1	Corynebacterium_urealyticum	NCBI-REF	43771	Corynebacterium urealyticum	GCF_000069945.1	exact	exact	yes	OK	species-match	Corynebacterium urealyticum	Corynebacterium urealyticum	latest		assembly from type material	2008-04-02		
Coxiella_burnetii~GCF_000007765.2	Coxiella_burnetii	NCBI-REF	777	Coxiella burnetii	GCF_000007765.2	exact	exact	yes	OK	species-match	Coxiella burnetii	Coxiella burnetii	latest			2016-11-10		
Cronobacter_condimenti~GCF_001277255.1	Cronobacter_condimenti	NCBI-REF	1163710	Cronobacter condimenti	GCF_001277255.1	exact	exact	yes	OK	species-match	Cronobacter condimenti	Cronobacter condimenti	latest		assembly from type material	2015-09-01		
Cronobacter_dublinensis_dublinensis~GCF_001277235.1	Cronobacter_dublinensis_dublinensis	NCBI-REF	413497	Cronobacter dublinensis	GCF_001277235.1	exact	exact	yes	OK	derived-species-match	Cronobacter dublinensis	Cronobacter dublinensis	latest		assembly from type material	2015-09-01		
Cronobacter_malonaticus~GCF_000504545.1	Cronobacter_malonaticus	NCBI-REF	413503	Cronobacter malonaticus	GCF_000504545.1	exact	exact	yes	OK	species-match	Cronobacter malonaticus	Cronobacter malonaticus	latest			2013-12-09		
Cronobacter_muytjensii~GCF_001277195.1	Cronobacter_muytjensii	NCBI-REF	413501	Cronobacter muytjensii	GCF_001277195.1	exact	exact	yes	OK	species-match	Cronobacter muytjensii	Cronobacter muytjensii	latest		assembly from type material	2015-09-01		
Cronobacter_sakazakii~GCF_000982825.1	Cronobacter_sakazakii	NCBI-REF	28141	Cronobacter sakazakii	GCF_000982825.1	exact	exact	yes	OK	species-match	Cronobacter sakazakii	Cronobacter sakazakii	latest		assembly from type material	2015-04-30		
Cronobacter_turicensis~GCF_000027065.2	Cronobacter_turicensis	NCBI-REF	413502	Cronobacter turicensis	GCF_000027065.2	exact	exact	no	OK	species-match	Cronobacter turicensis	Cronobacter turicensis	latest	missing strain identifier		2011-02-17		refseq_excluded_qc
Cronobacter_universalis~GCF_001277175.1	Cronobacter_universalis	NCBI-REF	535744	Cronobacter universalis	GCF_001277175.1	exact	exact	yes	OK	species-match	Cronobacter universalis	Cronobacter universalis	latest		assembly from type material	2015-09-01		
Cupriavidus_taiwanensis~GCF_000069785.1	Cupriavidus_taiwanensis	NCBI-REF	164546	Cupriavidus taiwanensis	GCF_000069785.1	exact	exact	yes	OK	species-match	Cupriavidus taiwanensis	Cupriavidus taiwanensis	latest		assembly from type material	2008-03-27		
Cyanothece~GCF_000017845.1	Cyanothece	NCBI-REF	2546360	Crocosphaera subtropica	GCF_000017845.1	exact	exact	yes	OK	below-threshold-mismatch	Crocosphaera chwakensis	Crocosphaera subtropica	latest		assembly from type material	2008-04-01		best_match_species_mismatch
Deinococcus_radiodurans~GCF_000008565.1	Deinococcus_radiodurans	NCBI-REF	1299	Deinococcus radiodurans	GCF_000008565.1	exact	exact	yes	OK	species-match	Deinococcus radiodurans	Deinococcus radiodurans	latest		assembly from type material	2000-12-11		
Delftia_acidovorans~GCF_000018665.1	Delftia_acidovorans	NCBI-REF	80866	Delftia acidovorans	GCF_000018665.1	exact	exact	yes	OK	species-match	Delftia acidovorans	Delftia acidovorans	latest			2007-11-16		
Dictyoglomus_turgidum~GCF_000021645.1	Dictyoglomus_turgidum	NCBI-REF	513050	Dictyoglomus turgidum	GCF_000021645.1	exact	exact	yes	OK	below-threshold-mismatch	Dictyoglomus thermophilum	Dictyoglomus turgidum	latest		assembly from type material	2008-12-12		best_match_species_mismatch
Dolosigranulum_pigrum~GCF_017655925.1	Dolosigranulum_pigrum	NCBI-REF	29394	Dolosigranulum pigrum	GCF_017655925.1	exact	exact	yes	OK	species-match	Dolosigranulum pigrum	Dolosigranulum pigrum	latest			2021-04-01		
Enterobacter_cloacae~GCF_000025565.1	Enterobacter_cloacae	NCBI-REF	550	Enterobacter cloacae	GCF_000025565.1	exact	exact	yes	OK	species-match	Enterobacter cloacae	Enterobacter cloacae	latest		assembly from type material	2010-04-23		
Enterococcus_faecalis~GCF_000007785.1	Enterococcus_faecalis	NCBI-REF	1351	Enterococcus faecalis	GCF_000007785.1	exact	exact	yes	OK	species-match	Enterococcus faecalis	Enterococcus faecalis	latest			2003-03-28		
Enterococcus_faecium~GCF_000174395.2	Enterococcus_faecium	NCBI-REF	1352	Enterococcus faecium	GCF_000174395.2	exact	exact	yes	OK	species-match	Enterococcus faecium	Enterococcus faecium	latest			2012-05-25		
Escherichia_albertii~GCF_002741375.1	Escherichia_albertii	SME	208962	Escherichia albertii	GCF_002741375.1	exact	exact	yes	OK	species-match	Escherichia albertii	Escherichia albertii	latest			2017-11-02		
Escherichia_coli~GCF_003018575.1	Escherichia_coli	SME	562	Escherichia coli	GCF_003018575.1	exact	exact	yes	OK	species-match	Escherichia coli	Escherichia coli	latest			2018-03-26	A/marker	
Escherichia_fergusonii~GCF_008064895.1	Escherichia_fergusonii	SME	564	Escherichia fergusonii	GCF_008064895.1	exact	exact	yes	OK	species-match	Escherichia fergusonii	Escherichia fergusonii	latest			2019-08-22		
Exiguobacterium_antarcticum~GCF_000299435.1	Exiguobacterium_antarcticum	NCBI-REF	132920	Exiguobacterium antarcticum	GCF_000299435.1	exact	exact	yes	OK	species-match	Exiguobacterium antarcticum	Exiguobacterium antarcticum	latest			2012-09-27		
Finegoldia_magna~GCF_000010185.1	Finegoldia_magna	NCBI-REF	1260	Finegoldia magna	GCF_000010185.1	exact	exact	yes	Inconclusive	below-threshold-match	Finegoldia magna	Finegoldia magna	latest			2008-02-14		tax_check_inconclusive
Flavobacterium_psychrophilum~GCF_000064305.2	Flavobacterium_psychrophilum	NCBI-REF	96345	Flavobacterium psychrophilum	GCF_000064305.2	exact	exact	yes	OK	species-match	Flavobacterium psychrophilum	Flavobacterium psychrophilum	latest			2013-05-30		
Francisella_philomiragia~GCF_018135955.1	Francisella_philomiragia	NCBI-REF	28110	Francisella philomiragia	GCF_018135955.1	exact	exact	yes	OK	species-match	Francisella philomiragia	Francisella philomiragia	latest			2021-04-23		
Francisella_tularensis~GCF_000008985.1	Francisella_tularensis	NCBI-REF	263	Francisella tularensis	GCF_000008985.1	exact	exact	yes	OK	derived-species-match	Francisella tularensis	Francisella tularensis	latest			2009-06-18		
Fusobacterium_nucleatum~GCF_003019295.1	Fusobacterium_nucleatum	SME	851	Fusobacterium nucleatum	GCF_003019295.1	exact	exact	yes	OK	species-match	Fusobacterium nucleatum	Fusobacterium nucleatum	latest		assembly from type material	2018-03-26		
Gardnerella_vaginalis~GCF_000159155.2	Gardnerella_vaginalis	NCBI-REF	2702	Gardnerella vaginalis	GCF_000159155.2	exact	exact	yes	OK	species-match	Gardnerella vaginalis	Gardnerella vaginalis	latest			2010-11-03		
Geobacter_sulfurreducens~GCF_000007985.2	Geobacter_sulfurreducens	NCBI-REF	35554	Geobacter sulfurreducens	GCF_000007985.2	exact	exact	yes	Inconclusive	below-threshold-match	Geobacter sulfurreducens	Geobacter sulfurreducens	latest		assembly from type material	2012-07-31		tax_check_inconclusive
Gloeobacter_violaceus~GCF_000011385.1	Gloeobacter_violaceus	NCBI-REF	33072	Gloeobacter violaceus	GCF_000011385.1	exact	exact	yes	OK	below-threshold-mismatch	Gloeobacter morelensis	Gloeobacter violaceus	latest		assembly from type material	2003-10-03		best_match_species_mismatch
Grimontia_hollisae~GCF_009665295.1	Grimontia_hollisae	SME	673	Grimontia hollisae	GCF_009665295.1	exact	exact	yes	OK	species-match	Grimontia hollisae	Grimontia hollisae	latest			2019-11-18		
Haemophilus_aegyptius~GCF_019930905.1	Haemophilus_aegyptius	FDA-ARGOS	197575	Haemophilus aegyptius	GCF_019930905.1	exact	exact	yes	OK	species-match	Haemophilus aegyptius	Haemophilus aegyptius	latest		assembly from type material	2021-09-12		
Haemophilus_haemolyticus~GCF_900477945.1	Haemophilus_haemolyticus	NCBI-REF	726	Haemophilus haemolyticus	GCF_900477945.1	exact	exact	yes	OK	species-match	Haemophilus haemolyticus	Haemophilus haemolyticus	latest			2018-06-17		
Haemophilus_influenzae~GCF_000027305.1	Haemophilus_influenzae	NCBI-REF	727	Haemophilus influenzae	GCF_000027305.1	exact	exact	no	OK	species-match	Haemophilus influenzae	Haemophilus influenzae	latest	many frameshifted proteins		1999-12-22		refseq_excluded_qc
Haemophilus_parahaemolyticus~GCF_016889385.1	Haemophilus_parahaemolyticus	FDA-ARGOS	735	Haemophilus parahaemolyticus	GCF_016889385.1	exact	exact	yes	OK	species-match	Haemophilus parahaemolyticus	Haemophilus parahaemolyticus	latest		assembly from type material	2021-02-15		
Haemophilus_parainfluenzae~GCF_016127215.1	Haemophilus_parainfluenzae	FDA-ARGOS	729	Haemophilus parainfluenzae	GCF_016127215.1	exact	exact	yes	OK	species-match	Haemophilus parainfluenzae	Haemophilus parainfluenzae	latest		assembly from type material	2020-12-20		
Haemophilus_somnus~GCF_000019405.1	Haemophilus_somnus	NCBI-REF	731	Histophilus somni	GCF_000019405.1	exact	exact	yes	OK	species-match	Histophilus somni	Histophilus somni	latest			2008-02-26		
Halobacterium_salinarum~GCF_000069025.1	Halobacterium_salinarum	NCBI-REF	2242	Halobacterium salinarum	GCF_000069025.1	exact	exact	yes	OK	species-match	Halobacterium salinarum	Halobacterium salinarum	latest			2008-02-12		
Helicobacter_pylori~GCF_000008525.1	Helicobacter_pylori	SME	210	Helicobacter pylori	GCF_000008525.1	exact	exact	no	OK	species-match	Helicobacter pylori	Helicobacter pylori	latest	many frameshifted proteins		1999-12-22		refseq_excluded_qc
Heliobacterium_modesticaldum~GCF_000019165.1	Heliobacterium_modesticaldum	NCBI-REF	35701	Heliomicrobium modesticaldum	GCF_000019165.1	exact	exact	yes	OK	below-threshold-mismatch	Heliomicrobium undosum	Heliomicrobium modesticaldum	latest		assembly from type material	2008-04-01		best_match_species_mismatch
Ketogulonicigenium_vulgare~GCF_000223375.1	Ketogulonicigenium_vulgare	NCBI-REF	92945	Ketogulonicigenium vulgare	GCF_000223375.1	exact	exact	yes	Inconclusive	low-coverage	Paracoccus halophilus	Ketogulonicigenium vulgare	latest			2011-08-12		tax_check_inconclusive;best_match_species_mismatch
Kingella_denitrificans~GCF_016127355.1	Kingella_denitrificans	FDA-ARGOS	502	Kingella denitrificans	GCF_016127355.1	exact	exact	yes	OK	species-match	Kingella denitrificans	Kingella denitrificans	latest		assembly from type material	2020-12-20		
Klebsiella_aerogenes~GCF_000215745.1	Klebsiella_aerogenes	NCBI-REF	548	Klebsiella aerogenes	GCF_000215745.1	exact	exact	yes	OK	species-match	Klebsiella aerogenes	Klebsiella aerogenes	latest		assembly from type material	2011-06-03		
Klebsiella_pneumoniae~GCF_000240185.1	Klebsiella_pneumoniae	NCBI-REF	573	Klebsiella pneumoniae	GCF_000240185.1	exact	exact	yes	OK	derived-species-match	Klebsiella pneumoniae	Klebsiella pneumoniae	latest			2011-12-27		
Lactobacillus_acidophilus~GCF_000011985.1	Lactobacillus_acidophilus	NCBI-REF	1579	Lactobacillus acidophilus	GCF_000011985.1	exact	exact	yes	OK	species-match	Lactobacillus acidophilus	Lactobacillus acidophilus	latest			2007-11-01		
Lactococcus_lactis~GCF_000006865.1	Lactococcus_lactis	NCBI-REF	1358	Lactococcus lactis	GCF_000006865.1	exact	exact	yes	OK	derived-species-match	Lactococcus lactis	Lactococcus lactis	latest			2001-03-21		
Legionella_pneumophila~GCF_000008485.1	Legionella_pneumophila	NCBI-REF	446	Legionella pneumophila	GCF_000008485.1	exact	exact	yes	OK	species-match	Legionella pneumophila	Legionella pneumophila	latest		assembly from type material	2004-09-24		
Leptospira_biflexa~GCF_000017605.1	Leptospira_biflexa	NCBI-REF	172	Leptospira biflexa	GCF_000017605.1	exact	exact	yes	OK	species-match	Leptospira biflexa	Leptospira biflexa	latest			2008-02-13		
Leptospira_interrogans~GCF_002073495.2	Leptospira_interrogans	NCBI-REF	173	Leptospira interrogans	GCF_002073495.2	exact	exact	yes	OK	species-match	Leptospira interrogans	Leptospira interrogans	latest			2018-03-01		
Leptothrix_cholodnii~GCF_000019785.1	Leptothrix_cholodnii	NCBI-REF	34029	Leptothrix cholodnii	GCF_000019785.1	exact	exact	yes	Inconclusive	below-threshold-mismatch	Leptothrix mechoopdaensis (SeqCode)	Leptothrix cholodnii	latest			2008-03-25		tax_check_inconclusive;best_match_species_mismatch
Leuconostoc_citreum~GCF_000026405.1	Leuconostoc_citreum	NCBI-REF	33964	Leuconostoc citreum	GCF_000026405.1	exact	exact	yes	OK	species-match	Leuconostoc citreum	Leuconostoc citreum	latest			2008-03-12		
Listeria_grayi~GCF_900638015.1	Listeria_grayi	NCTC3000	1641	Listeria grayi	GCF_900638015.1	exact	exact	yes	OK	species-match	Listeria grayi	Listeria grayi	latest		assembly from heterotypic synonym type material	2018-12-20		
Listeria_innocua~GCF_009648575.1	Listeria_innocua	SME	1642	Listeria innocua	GCF_009648575.1	exact	exact	yes	OK	species-match	Listeria innocua	Listeria innocua	latest			2019-11-11		
Listeria_ivanovii~GCF_000252975.1	Listeria_ivanovii	SME	1638	Listeria ivanovii	GCF_000252975.1	exact	exact	yes	OK	derived-species-match	Listeria ivanovii	Listeria ivanovii	latest		assembly designated as clade exemplar	2011-09-15		
Listeria_marthii~GCF_000183865.1	Listeria_marthii	SME	529731	Listeria marthii	GCF_000183865.1	exact	exact	no	OK	below-threshold-mismatch	Listeria cossartiae	Listeria marthii	latest	fragmented assembly	assembly from type material	2010-12-15		best_match_species_mismatch;refseq_excluded_qc
Listeria_monocytogenes_I~GCF_013282705.1	Listeria_monocytogenes_I	SME	1639	Listeria monocytogenes	GCF_013282705.1	exact	exact	yes	OK	species-match	Listeria monocytogenes	Listeria monocytogenes	latest			2020-06-06	B/ANI	
Listeria_monocytogenes_II~GCF_013282685.1	Listeria_monocytogenes_II	SME	1639	Listeria monocytogenes	GCF_013282685.1	exact	exact	yes	OK	species-match	Listeria monocytogenes	Listeria monocytogenes	latest			2020-06-06	B/ANI	
Listeria_monocytogenes_III~GCF_013282645.1	Listeria_monocytogenes_III	SME	1639	Listeria monocytogenes	GCF_013282645.1	exact	exact	yes	OK	species-match	Listeria monocytogenes	Listeria monocytogenes	latest			2020-06-06	B/ANI	
Listeria_monocytogenes_IV~GCF_013282665.1	Listeria_monocytogenes_IV	SME	1639	Listeria monocytogenes	GCF_013282665.1	exact	exact	yes	OK	species-match	Listeria monocytogenes	Listeria monocytogenes	latest			2020-06-06	B/ANI	
Listeria_seeligeri~GCF_000027145.1	Listeria_seeligeri	SME	1640	Listeria seeligeri	GCF_000027145.1	exact	exact	yes	OK	species-match	Listeria seeligeri	Listeria seeligeri	latest		assembly from type material	2010-02-18		
Listeria_welshimeri~GCF_900187315.1	Listeria_welshimeri	NCTC3000	1643	Listeria welshimeri	GCF_900187315.1	exact	exact	yes	OK	species-match	Listeria welshimeri	Listeria welshimeri	latest		assembly from type material	2017-08-15		
Lysinibacillus_sphaericus~GCF_000017965.1	Lysinibacillus_sphaericus	NCBI-REF	1421	Lysinibacillus sphaericus	GCF_000017965.1	exact	exact	yes	Failed	mismatch	Lysinibacillus pinottii	Lysinibacillus sphaericus	latest			2008-02-27		tax_check_failed;best_match_species_mismatch
Mesoplasma_florum~GCF_000008305.1	Mesoplasma_florum	NCBI-REF	2151	Mesoplasma florum	GCF_000008305.1	exact	exact	yes	OK	mismatch	Mesoplasma grammopterae	Mesoplasma florum	latest		assembly from type material	2004-07-19		best_match_species_mismatch
Mesorhizobium_ciceri~GCF_000185905.1	Mesorhizobium_ciceri	NCBI-REF	39645	Mesorhizobium ciceri	GCF_000185905.1	exact	exact	yes	OK	species-match	Mesorhizobium ciceri	Mesorhizobium ciceri	latest			2011-01-07		
Methylobacterium~GCF_000019365.1	Methylobacterium	NCBI-REF	426117	Methylobacterium sp. 4-46	GCF_000019365.1	exact	exact	yes	OK	genus-match	Methylobacterium carpenticola	Methylobacterium sp. 4-46	latest			2008-02-20		best_match_species_mismatch
Methylobacterium_radiotolerans~GCF_000019725.1	Methylobacterium_radiotolerans	NCBI-REF	31998	Methylobacterium radiotolerans	GCF_000019725.1	exact	exact	yes	OK	species-match	Methylobacterium radiotolerans	Methylobacterium radiotolerans	latest		assembly from type material	2008-03-21		
Micrococcus_luteus~GCF_000023205.1	Micrococcus_luteus	NCBI-REF	1270	Micrococcus luteus	GCF_000023205.1	exact	exact	yes	OK	species-match	Micrococcus luteus	Micrococcus luteus	latest		assembly from type material	2009-06-12		
Moorella_thermoacetica~GCF_001267435.1	Moorella_thermoacetica	NCBI-REF	1525	Moorella thermoacetica	GCF_001267435.1	exact	exact	yes	OK	species-match	Neomoorella thermoacetica	Neomoorella thermoacetica	latest		assembly from type material	2015-08-13		
Moraxella_catarrhalis~GCF_900476075.1	Moraxella_catarrhalis	NCBI-REF	480	Moraxella catarrhalis	GCF_900476075.1	exact	exact	yes	OK	species-match	Moraxella catarrhalis	Moraxella catarrhalis	latest		assembly from type material	2018-06-17		
Morganella_morganii_morganii~GCF_000286435.2	Morganella_morganii_morganii	NCBI-REF	582	Morganella morganii	GCF_000286435.2	exact	exact	yes	OK	derived-species-match	Morganella morganii	Morganella morganii	latest			2013-02-28		
Mycobacterium_abscessus~GCF_000069185.1	Mycobacterium_abscessus	NCBI-REF	36809	Mycobacteroides abscessus	GCF_000069185.1	exact	exact	yes	OK	species-match	Mycobacteroides abscessus	Mycobacteroides abscessus	latest		assembly from type material	2008-03-01		
Mycobacterium_leprae~GCF_000195855.1	Mycobacterium_leprae	NCBI-REF	1769	Mycobacterium leprae	GCF_000195855.1	exact	exact	yes	Inconclusive	below-threshold-mismatch	Mycobacterium lepromatosis	Mycobacterium leprae	latest			2003-05-06		tax_check_inconclusive;best_match_species_mismatch
Mycobacterium_tuberculosis~GCF_000195955.2	Mycobacterium_tuberculosis	NCBI-REF	1773	Mycobacterium tuberculosis	GCF_000195955.2	exact	exact	yes	OK	species-match	Mycobacterium tuberculosis	Mycobacterium tuberculosis	latest		assembly from type material	2013-02-01		
Mycolicibacterium_fortuitum~GCF_022179545.1	Mycolicibacterium_fortuitum	NCBI-REF	1766	Mycolicibacterium fortuitum	GCF_022179545.1	exact	exact	yes	OK	subspecies-match	Mycolicibacterium fortuitum	Mycolicibacterium fortuitum	latest		assembly from type material	2022-01-27		
Mycoplasma_mycoides~GCF_000011445.1	Mycoplasma_mycoides	NCBI-REF	2102	Mycoplasma mycoides	GCF_000011445.1	exact	exact	yes	Inconclusive	below-threshold-match	Mycoplasma mycoides	Mycoplasma mycoides	latest		assembly from type material	2007-02-27		tax_check_inconclusive
Neisseria_cinerea~GCF_016028715.1	Neisseria_cinerea	FDA-ARGOS	483	Neisseria cinerea	GCF_016028715.1	exact	exact	yes	OK	species-match	Neisseria cinerea	Neisseria cinerea	latest		assembly from type material	2020-12-14		
Neisseria_elongata~GCF_003351685.1	Neisseria_elongata	SME	495	Neisseria elongata	GCF_003351685.1	exact	exact	yes	OK	species-match	Neisseria elongata	Neisseria elongata	latest			2018-08-01		
Neisseria_flavescens~GCF_005221285.1	Neisseria_flavescens	NCBI-REF	484	Neisseria flavescens	GCF_005221285.1	exact	exact	yes	OK	species-match	Neisseria flavescens	Neisseria flavescens	latest		assembly from type material	2019-05-07		
Neisseria_gonorrhoeae~GCF_000006845.1	Neisseria_gonorrhoeae	SME	485	Neisseria gonorrhoeae	GCF_000006845.1	exact	exact	yes	OK	species-match	Neisseria gonorrhoeae	Neisseria gonorrhoeae	latest			2005-02-14		
Neisseria_lactamica~GCF_003351565.1	Neisseria_lactamica	SME	486	Neisseria lactamica	GCF_003351565.1	exact	exact	yes	OK	species-match	Neisseria lactamica	Neisseria lactamica	latest			2018-08-01		
Neisseria_meningitidis~GCF_000008805.1	Neisseria_meningitidis	SME	487	Neisseria meningitidis	GCF_000008805.1	exact	exact	yes	OK	species-match	Neisseria meningitidis	Neisseria meningitidis	latest			2005-05-26		
Neisseria_polysaccharea~GCF_003355195.1	Neisseria_polysaccharea	SME	489	Neisseria polysaccharea	GCF_003355195.1	exact	exact	yes	OK	species-match	Neisseria polysaccharea	Neisseria polysaccharea	latest			2018-08-05		
Neisseria_sicca~GCF_014054945.1	Neisseria_sicca	NCBI-REF	490	Neisseria sicca	GCF_014054945.1	exact	exact	yes	OK	species-match	Neisseria sicca	Neisseria sicca	latest		assembly from type material	2020-08-04		
Neisseria_subflava~GCF_005221305.1	Neisseria_subflava	NCBI-REF	28449	Neisseria subflava	GCF_005221305.1	exact	exact	yes	OK	species-match	Neisseria subflava	Neisseria subflava	latest		assembly from type material	2019-05-07		
Neisseria_weaveri~GCF_900638685.1	Neisseria_weaveri	NCBI-REF	28091	Neisseria weaveri	GCF_900638685.1	exact	exact	yes	OK	species-match	Neisseria weaveri	Neisseria weaveri	latest		assembly from type material	2018-12-20		
Nocardia_asteroides~GCF_021183585.1	Nocardia_asteroides	FDA-ARGOS	1824	Nocardia asteroides	GCF_021183585.1	exact	exact	yes	OK	species-match	Nocardia asteroides	Nocardia asteroides	latest			2021-12-14		
Nocardia_farcinica~GCF_003367415.1	Nocardia_farcinica	NCBI-REF	37329	Nocardia farcinica	GCF_003367415.1	exact	exact	yes	OK	species-match	Nocardia farcinica	Nocardia farcinica	latest			2018-08-08		
Ochrobactrum_anthropi~GCF_000017405.1	Ochrobactrum_anthropi	NCBI-REF	529	Brucella anthropi	GCF_000017405.1	exact	exact	yes	OK	species-match	Brucella anthropi	Brucella anthropi	latest		assembly from type material	2007-07-12		
Pantoea_ananatis~GCF_000025405.2	Pantoea_ananatis	NCBI-REF	553	Pantoea ananatis	GCF_000025405.2	exact	exact	yes	OK	species-match	Pantoea ananatis	Pantoea ananatis	latest			2011-03-24		
Parabacteroides_distasonis~GCF_000012845.1	Parabacteroides_distasonis	NCBI-REF	823	Parabacteroides distasonis	GCF_000012845.1	exact	exact	yes	OK	species-match	Parabacteroides distasonis	Parabacteroides distasonis	latest		assembly from type material	2007-06-27		
Pasteurella_multocida~GCF_002073255.2	Pasteurella_multocida	FDA-ARGOS	747	Pasteurella multocida	GCF_002073255.2	exact	exact	yes	OK	species-match	Pasteurella multocida	Pasteurella multocida	latest			2018-03-01		
Photobacterium_damselae~GCF_009763125.1	Photobacterium_damselae	SME	38293	Photobacterium damselae	GCF_009763125.1	exact	exact	yes	OK	species-match	Photobacterium damselae	Photobacterium damselae	latest			2019-12-18		
Polynucleobacter_necessarius~GCF_900096765.1	Polynucleobacter_necessarius	NCBI-REF	576610	Polynucleobacter necessarius	GCF_900096765.1	exact	exact	yes	Inconclusive	below-threshold-mismatch	Polynucleobacter wuianus	Polynucleobacter necessarius	latest			2017-06-21		tax_check_inconclusive;best_match_species_mismatch
Prochlorococcus_marinus~GCF_000007925.1	Prochlorococcus_marinus	NCBI-REF	1219	Prochlorococcus marinus	GCF_000007925.1	exact	exact	yes	Inconclusive	low-coverage	Prochlorococcus marinus	Prochlorococcus marinus	latest		assembly from type material	2003-07-25		tax_check_inconclusive
Proteus_mirabilis~GCF_000444425.1	Proteus_mirabilis	NCBI-REF	584	Proteus mirabilis	GCF_000444425.1	exact	exact	yes	OK	species-match	Proteus mirabilis	Proteus mirabilis	latest			2013-08-06		
Pseudomonas_aeruginosa~GCF_000006765.1	Pseudomonas_aeruginosa	NCBI-REF	287	Pseudomonas aeruginosa	GCF_000006765.1	exact	exact	yes	OK	species-match	Pseudomonas aeruginosa	Pseudomonas aeruginosa	latest			2006-07-07		
Pseudomonas_putida~GCF_000412675.1	Pseudomonas_putida	NCBI-REF	303	Pseudomonas putida	GCF_000412675.1	exact	exact	yes	OK	species-match	Pseudomonas putida	Pseudomonas putida	latest		assembly from type material	2013-06-14		
Pseudomonas_syringae_group_genomosp._3~GCF_000007805.1	Pseudomonas_syringae_group_genomosp._3	NCBI-REF	251701	Pseudomonas syringae group genomosp. 3	GCF_000007805.1	exact	exact	yes	OK	species-match	Pseudomonas syringae group genomosp. 3	Pseudomonas syringae group genomosp. 3	latest		assembly from type material	2003-03-05		
Pyrobaculum_neutrophilum~GCF_000019805.1	Pyrobaculum_neutrophilum	NCBI-REF	70771	Pyrobaculum neutrophilum	GCF_000019805.1	exact	exact	yes	OK	below-threshold-mismatch	Pyrobaculum islandicum	Pyrobaculum neutrophilum	latest		assembly from type material	2008-03-27		best_match_species_mismatch
Rhodopirellula_baltica~GCF_000196115.1	Rhodopirellula_baltica	NCBI-REF	265606	Rhodopirellula baltica	GCF_000196115.1	exact	exact	yes	OK	below-threshold-mismatch	Rhodopirellula europaea	Rhodopirellula baltica	latest		assembly from type material	2003-07-07		best_match_species_mismatch
Rhodospirillum_rubrum~GCF_000013085.1	Rhodospirillum_rubrum	NCBI-REF	1085	Rhodospirillum rubrum	GCF_000013085.1	exact	exact	yes	OK	species-match	Rhodospirillum rubrum	Rhodospirillum rubrum	latest		assembly from type material	2005-12-12		
Rickettsia_prowazekii~GCF_000195735.1	Rickettsia_prowazekii	NCBI-REF	782	Rickettsia prowazekii	GCF_000195735.1	exact	exact	yes	OK	species-match	Rickettsia prowazekii	Rickettsia prowazekii	latest			2003-05-06		
Ruminococcus_sp.~GCF_005601135.1	Ruminococcus_sp.	NCBI-REF	2564099	Ruminococcus bovis	GCF_005601135.1	exact	exact	yes	OK	below-threshold-mismatch	Ruminococcoides intestinihominis	Ruminococcus bovis	latest		assembly from type material	2019-05-22		best_match_species_mismatch
Salinibacter_ruber~GCF_000013045.1	Salinibacter_ruber	NCBI-REF	146919	Salinibacter ruber	GCF_000013045.1	exact	exact	yes	OK	species-match	Salinibacter ruber	Salinibacter ruber	latest		assembly from type material	2005-12-20		
Salmonella_bongori~GCF_000252995.1	Salmonella_bongori	NCBI-REF	54736	Salmonella bongori	GCF_000252995.1	exact	exact	yes	OK	species-match	Salmonella bongori	Salmonella bongori	latest		assembly from type material	2011-07-06		
Salmonella_enterica_I~GCF_000006945.2	Salmonella_enterica_I	NCBI-REF	28901	Salmonella enterica	GCF_000006945.2	exact	exact	yes	OK	species-match	Salmonella enterica	Salmonella enterica	latest		assembly from type material	2016-01-13	B/ANI	
Salmonella_enterica_IIa~GCF_006051055.1	Salmonella_enterica_IIa	SME	28901	Salmonella enterica	GCF_006051055.1	exact	exact	no	Inconclusive	below-threshold-match	Salmonella enterica	Salmonella enterica	latest	from large multi-isolate project		2020-05-27	B/ANI	refseq_excluded_qc;confounded_ani_ambiguity
Salmonella_enterica_IIb~GCF_900635535.1	Salmonella_enterica_IIb	NCTC3000	28901	Salmonella enterica	GCF_900635535.1	exact	exact	no	OK	subspecies-match	Salmonella enterica	Salmonella enterica	latest	RefSeq annotation failed; many frameshifted proteins	assembly from type material	2018-12-19	B/ANI	refseq_excluded_qc
Salmonella_enterica_IIIa~GCF_000018625.1	Salmonella_enterica_IIIa	SME	28901	Salmonella enterica	GCF_000018625.1	exact	exact	no	OK	derived-species-match	Salmonella enterica	Salmonella enterica	latest	annotation fails completeness check		2007-11-21	B/ANI	refseq_excluded_qc
Salmonella_enterica_IIIb~GCA_013162305.1	Salmonella_enterica_IIIb	SME	28901	Salmonella enterica	GCA_013162305.1	exact	exact	no	OK	derived-species-match	Salmonella enterica	Salmonella enterica	latest	annotation fails completeness check; many frameshifted proteins		2020-05-25	B/ANI	refseq_excluded_qc
Salmonella_enterica_IV~GCF_013161805.1	Salmonella_enterica_IV	SME	28901	Salmonella enterica	GCF_013161805.1	exact	exact	no	OK	derived-species-match	Salmonella enterica	Salmonella enterica	latest	annotation fails completeness check		2020-05-25	B/ANI	refseq_excluded_qc
Salmonella_enterica_IX~GCF_013348865.1	Salmonella_enterica_IX	SME	28901	Salmonella enterica	GCF_013348865.1	exact	exact	no	OK	derived-species-match	Salmonella enterica	Salmonella enterica	latest	annotation fails completeness check		2020-06-17	B/ANI	refseq_excluded_qc
Salmonella_enterica_VI~GCF_006051135.1	Salmonella_enterica_VI	SME	28901	Salmonella enterica	GCF_006051135.1	exact	exact	no	OK	derived-species-match	Salmonella enterica	Salmonella enterica	latest	from large multi-isolate project		2020-05-27	B/ANI	refseq_excluded_qc
Salmonella_enterica_VII~GCF_013162165.1	Salmonella_enterica_VII	SME	28901	Salmonella enterica	GCF_013162165.1	exact	exact	no	OK	derived-species-match	Salmonella enterica	Salmonella enterica	latest	annotation fails completeness check		2020-05-25	B/ANI	refseq_excluded_qc
Salmonella_enterica_VIII~GCA_013138165.1	Salmonella_enterica_VIII	SME	28901	Salmonella enterica	GCA_013138165.1	exact	exact	no	OK	derived-species-match	Salmonella enterica	Salmonella enterica	latest	from large multi-isolate project		2020-05-21	B/ANI	refseq_excluded_qc
Salmonella_enterica_X~GCF_013162025.1	Salmonella_enterica_X	SME	28901	Salmonella enterica	GCF_013162025.1	exact	exact	no	OK	derived-species-match	Salmonella enterica	Salmonella enterica	latest	annotation fails completeness check		2020-05-25	B/ANI	refseq_excluded_qc
Serratia_liquefaciens~GCF_000422085.1	Serratia_liquefaciens	NCBI-REF	614	Serratia liquefaciens	GCF_000422085.1	exact	exact	yes	OK	below-threshold-mismatch	Serratia quinivorans	Serratia liquefaciens	latest		assembly from type material	2013-07-11		best_match_species_mismatch
Shewanella_halifaxensis~GCF_000019185.1	Shewanella_halifaxensis	NCBI-REF	271098	Shewanella halifaxensis	GCF_000019185.1	exact	exact	yes	OK	below-threshold-mismatch	Shewanella schlegeliana	Shewanella halifaxensis	latest		assembly from type material	2008-02-07		best_match_species_mismatch
Shewanella_oneidensis~GCF_000146165.2	Shewanella_oneidensis	NCBI-REF	70863	Shewanella oneidensis	GCF_000146165.2	exact	exact	yes	OK	species-match	Shewanella oneidensis	Shewanella oneidensis	latest		assembly from type material	2012-11-02		
Shewanella_woodyi~GCF_000019525.1	Shewanella_woodyi	NCBI-REF	60961	Shewanella woodyi	GCF_000019525.1	exact	exact	yes	OK	below-threshold-mismatch	Shewanella nanhaiensis	Shewanella woodyi	latest		assembly from type material	2008-03-13		best_match_species_mismatch
Shimwellia_blattae~GCF_000262305.1	Shimwellia_blattae	NCBI-REF	563	Shimwellia blattae	GCF_000262305.1	exact	exact	yes	OK	species-match	Shimwellia blattae	Shimwellia blattae	latest		assembly from type material	2012-05-10		
Sinorhizobium_fredii~GCF_000018545.1	Sinorhizobium_fredii	NCBI-REF	380	Sinorhizobium fredii	GCF_000018545.1	exact	exact	yes	Inconclusive	below-threshold-match	Sinorhizobium fredii	Sinorhizobium fredii	latest			2009-04-22		tax_check_inconclusive
Sinorhizobium_medicae~GCF_000017145.1	Sinorhizobium_medicae	NCBI-REF	110321	Sinorhizobium medicae	GCF_000017145.1	exact	exact	yes	OK	species-match	Sinorhizobium medicae	Sinorhizobium medicae	latest			2007-06-29		
Sinorhizobium_meliloti~GCF_000006965.1	Sinorhizobium_meliloti	NCBI-REF	382	Sinorhizobium meliloti	GCF_000006965.1	exact	exact	yes	OK	species-match	Sinorhizobium meliloti	Sinorhizobium meliloti	latest			2003-05-06		
Staphylococcus_aureus~GCF_000772025.1	Staphylococcus_aureus	NCBI-REF	1280	Staphylococcus aureus	GCF_000772025.1	exact	exact	yes	OK	species-match	Staphylococcus aureus	Staphylococcus aureus	latest			2014-11-05		
Staphylococcus_epidermidis~GCF_000007645.1	Staphylococcus_epidermidis	NCBI-REF	1282	Staphylococcus epidermidis	GCF_000007645.1	exact	exact	yes	OK	species-match	Staphylococcus epidermidis	Staphylococcus epidermidis	latest			2002-12-20		
Staphylococcus_warneri~GCF_003571725.1	Staphylococcus_warneri	NCBI-REF	1292	Staphylococcus warneri	GCF_003571725.1	exact	exact	yes	OK	species-match	Staphylococcus warneri	Staphylococcus warneri	latest			2018-09-16		
Streptococcus_agalactiae~GCF_000007265.1	Streptococcus_agalactiae	NCBI-REF	1311	Streptococcus agalactiae	GCF_000007265.1	exact	exact	yes	OK	species-match	Streptococcus agalactiae	Streptococcus agalactiae	latest			2002-08-28		
Streptococcus_mitis~GCF_000027165.1	Streptococcus_mitis	NCBI-REF	28037	Streptococcus mitis	GCF_000027165.1	exact	exact	yes	Inconclusive	below-threshold-match	Streptococcus mitis	Streptococcus mitis	latest			2010-02-16		tax_check_inconclusive
Streptococcus_mutans~GCF_000007465.2	Streptococcus_mutans	NCBI-REF	1309	Streptococcus mutans	GCF_000007465.2	exact	exact	yes	OK	species-match	Streptococcus mutans	Streptococcus mutans	latest			2011-09-01		
Streptococcus_oralis~GCF_016127555.1	Streptococcus_oralis	FDA-ARGOS	1303	Streptococcus oralis	GCF_016127555.1	exact	exact	yes	OK	species-match	Streptococcus oralis	Streptococcus oralis	latest		assembly from type material	2020-12-20		
Streptococcus_pneumoniae~GCF_000019265.1	Streptococcus_pneumoniae	NCBI-REF	1313	Streptococcus pneumoniae	GCF_000019265.1	exact	exact	yes	OK	species-match	Streptococcus pneumoniae	Streptococcus pneumoniae	latest			2008-02-27		
Streptococcus_pseudopneumoniae~GCF_000221985.1	Streptococcus_pseudopneumoniae	NCBI-REF	257758	Streptococcus pseudopneumoniae	GCF_000221985.1	exact	exact	yes	OK	species-match	Streptococcus pseudopneumoniae	Streptococcus pseudopneumoniae	latest			2011-07-29		
Streptococcus_pyogenes~GCF_000006785.2	Streptococcus_pyogenes	NCBI-REF	1314	Streptococcus pyogenes	GCF_000006785.2	exact	exact	yes	OK	species-match	Streptococcus pyogenes	Streptococcus pyogenes	latest			2014-04-01		
Streptococcus_sanguinis~GCF_000014205.1	Streptococcus_sanguinis	NCBI-REF	1305	Streptococcus sanguinis	GCF_000014205.1	exact	exact	yes	OK	species-match	Streptococcus sanguinis	Streptococcus sanguinis	latest			2007-02-09		
Streptococcus_suis~GCF_000026745.1	Streptococcus_suis	NCBI-REF	1307	Streptococcus suis	GCF_000026745.1	exact	exact	yes	OK	species-match	Streptococcus suis	Streptococcus suis	latest			2009-07-07		
Thermanaerovibrio_acidaminovorans~GCF_000024905.1	Thermanaerovibrio_acidaminovorans	NCBI-REF	81462	Thermanaerovibrio acidaminovorans	GCF_000024905.1	exact	exact	yes	OK	below-threshold-mismatch	Thermanaerovibrio velox	Thermanaerovibrio acidaminovorans	latest		assembly from type material	2009-11-19		best_match_species_mismatch
Thermoanaerobacter_pseudethanolicus~GCF_000019085.1	Thermoanaerobacter_pseudethanolicus	NCBI-REF	496866	Thermoanaerobacter pseudethanolicus	GCF_000019085.1	exact	exact	yes	Inconclusive	mismatch	Thermoanaerobacter brockii	Thermoanaerobacter pseudethanolicus	latest		assembly from type material	2008-02-05		tax_check_inconclusive;best_match_species_mismatch
Thermodesulfovibrio_yellowstonii~GCF_000020985.1	Thermodesulfovibrio_yellowstonii	NCBI-REF	28262	Thermodesulfovibrio yellowstonii	GCF_000020985.1	exact	exact	yes	OK	species-match	Thermodesulfovibrio yellowstonii	Thermodesulfovibrio yellowstonii	latest		assembly from type material	2008-09-26		
Thermosynechococcus_elongatus~GCF_000011345.1	Thermosynechococcus_elongatus	NCBI-REF	146786	Thermosynechococcus vestitus	GCF_000011345.1	exact	exact	yes	OK	below-threshold-mismatch	Thermosynechococcus sichuanensis	Thermosynechococcus vestitus	latest		assembly from type material	2004-05-11		best_match_species_mismatch
Thermotoga_maritima~GCF_000008545.1	Thermotoga_maritima	NCBI-REF	2336	Thermotoga maritima	GCF_000008545.1	exact	exact	yes	OK	species-match	Thermotoga maritima	Thermotoga maritima	latest		assembly from type material	2001-01-09		
Thermus_thermophilus~GCF_000091545.1	Thermus_thermophilus	NCBI-REF	274	Thermus thermophilus	GCF_000091545.1	exact	exact	yes	OK	species-match	Thermus thermophilus	Thermus thermophilus	latest		assembly from type material	2004-11-15		
Treponema_denticola~GCF_000008185.1	Treponema_denticola	NCBI-REF	158	Treponema denticola	GCF_000008185.1	exact	exact	yes	OK	species-match	Treponema denticola	Treponema denticola	latest		assembly from type material	2004-02-03		
Ureaplasma_parvum~GCF_000019345.1	Ureaplasma_parvum	NCBI-REF	134821	Ureaplasma parvum	GCF_000019345.1	exact	exact	yes	OK	below-threshold-mismatch	Ureaplasma urealyticum	Ureaplasma parvum	latest		assembly from type material	2008-02-26		best_match_species_mismatch
Vibrio_alginolyticus~GCF_009665435.1	Vibrio_alginolyticus	SME	663	Vibrio alginolyticus	GCF_009665435.1	exact	exact	yes	OK	species-match	Vibrio alginolyticus	Vibrio alginolyticus	latest			2019-11-18		
Vibrio_cholerae_O1~GCA_009665515.2	Vibrio_cholerae_O1	SME	666	Vibrio cholerae	GCA_009665515.2	exact	exact	no	OK	species-match	Vibrio cholerae	Vibrio cholerae	latest	annotation fails completeness check; many frameshifted proteins		2019-12-10		refseq_excluded_qc
Vibrio_cidicii~GCF_009763805.1	Vibrio_cidicii	SME	1763883	Vibrio cidicii	GCF_009763805.1	exact	exact	no	OK	species-match	Vibrio cidicii	Vibrio cidicii	latest	many frameshifted proteins	assembly from type material	2019-12-18		refseq_excluded_qc
Vibrio_cincinnatiensis~GCF_009665395.1	Vibrio_cincinnatiensis	SME	675	Vibrio cincinnatiensis	GCF_009665395.1	exact	exact	yes	OK	species-match	Vibrio cincinnatiensis	Vibrio cincinnatiensis	latest			2019-11-18		
Vibrio_fluvialis~GCF_012275125.1	Vibrio_fluvialis	SME	676	Vibrio fluvialis	GCF_012275125.1	exact	exact	yes	OK	species-match	Vibrio fluvialis	Vibrio fluvialis	latest			2020-04-13		
Vibrio_furnissii~GCF_009763225.1	Vibrio_furnissii	SME	29494	Vibrio furnissii	GCF_009763225.1	exact	exact	yes	OK	species-match	Vibrio furnissii	Vibrio furnissii	latest			2019-12-18		
Vibrio_harveyi~GCF_009665315.1	Vibrio_harveyi	SME	669	Vibrio harveyi	GCF_009665315.1	exact	exact	yes	OK	species-match	Vibrio harveyi	Vibrio harveyi	latest			2019-11-18		
Vibrio_metoecus~GCF_009763865.1	Vibrio_metoecus	SME	1481663	Vibrio metoecus	GCF_009763865.1	exact	exact	yes	OK	species-match	Vibrio metoecus	Vibrio metoecus	latest			2019-12-18		
Vibrio_metschnikovii~GCF_009665235.1	Vibrio_metschnikovii	SME	28172	Vibrio metschnikovii	GCF_009665235.1	exact	exact	no	OK	species-match	Vibrio metschnikovii	Vibrio metschnikovii	latest	annotation fails completeness check; many frameshifted proteins		2019-11-18		refseq_excluded_qc
Vibrio_mimicus~GCF_009665195.1	Vibrio_mimicus	SME	674	Vibrio mimicus	GCF_009665195.1	exact	exact	yes	OK	species-match	Vibrio mimicus	Vibrio mimicus	latest			2019-11-18		
Vibrio_navarrensis~GCF_009763725.1	Vibrio_navarrensis	SME	29495	Vibrio navarrensis	GCF_009763725.1	exact	exact	yes	OK	species-match	Vibrio navarrensis	Vibrio navarrensis	latest			2019-12-18		
Vibrio_parahaemolyticus~GCF_009764075.1	Vibrio_parahaemolyticus	SME	670	Vibrio parahaemolyticus	GCF_009764075.1	exact	exact	yes	OK	species-match	Vibrio parahaemolyticus	Vibrio parahaemolyticus	latest			2019-12-18		
Vibrio_vulnificus~GCF_009764095.1	Vibrio_vulnificus	SME	672	Vibrio vulnificus	GCF_009764095.1	exact	exact	yes	OK	species-match	Vibrio vulnificus	Vibrio vulnificus	latest			2019-12-18		
Xanthomonas_campestris~GCF_000007145.1	Xanthomonas_campestris	NCBI-REF	339	Xanthomonas campestris	GCF_000007145.1	exact	exact	yes	OK	species-match	Xanthomonas campestris	Xanthomonas campestris	latest		assembly from type material	2002-05-24		
Xylella_fastidiosa~GCF_000019325.1	Xylella_fastidiosa	NCBI-REF	2371	Xylella fastidiosa	GCF_000019325.1	exact	exact	yes	OK	derived-species-match	Xylella fastidiosa	Xylella fastidiosa	latest			2008-02-19		
Yersinia_aldovae~GCF_000834395.1	Yersinia_aldovae	NCBI-REF	29483	Yersinia aldovae	GCF_000834395.1	exact	exact	yes	OK	species-match	Yersinia aldovae	Yersinia aldovae	latest			2015-02-09		
Yersinia_bercovieri~GCF_013282745.1	Yersinia_bercovieri	SME	634	Yersinia bercovieri	GCF_013282745.1	exact	exact	yes	OK	species-match	Yersinia bercovieri	Yersinia bercovieri	latest		assembly from type material	2020-06-06		
Yersinia_canariae~GCF_009831415.1	Yersinia_canariae	NCBI-REF	2607663	Yersinia canariae	GCF_009831415.1	exact	exact	yes	OK	below-threshold-mismatch	Yersinia hibernica	Yersinia canariae	latest		assembly from type material	2020-01-06		best_match_species_mismatch
Yersinia_enterocolitica~GCF_000009345.1	Yersinia_enterocolitica	SME	630	Yersinia enterocolitica	GCF_000009345.1	exact	exact	yes	OK	derived-species-match	Yersinia enterocolitica	Yersinia enterocolitica	latest			2007-01-12		
Yersinia_enterocolitica~GCF_000192105.1	Yersinia_enterocolitica	SME	630	Yersinia enterocolitica	GCF_000192105.1	exact	exact	yes	OK	derived-species-match	Yersinia enterocolitica	Yersinia enterocolitica	latest			2011-03-10		
Yersinia_frederiksenii~GCF_002591095.1	Yersinia_frederiksenii	FDA-ARGOS	29484	Yersinia frederiksenii	GCF_002591095.1	exact	exact	yes	Inconclusive	below-threshold-mismatch	Yersinia massiliensis	Yersinia frederiksenii	latest			2017-10-18		tax_check_inconclusive;best_match_species_mismatch
Yersinia_hibernica~GCF_004124235.1	Yersinia_hibernica	NCBI-REF	2339259	Yersinia hibernica	GCF_004124235.1	exact	exact	yes	OK	below-threshold-mismatch	Yersinia canariae	Yersinia hibernica	latest		assembly from type material	2019-01-31		best_match_species_mismatch
Yersinia_intermedia~GCF_000834515.1	Yersinia_intermedia	SME	631	Yersinia intermedia	GCF_000834515.1	exact	exact	yes	OK	species-match	Yersinia intermedia	Yersinia intermedia	latest			2015-02-09		
Yersinia_kristensenii~GCF_013282785.1	Yersinia_kristensenii	SME	28152	Yersinia kristensenii	GCF_013282785.1	exact	exact	yes	OK	species-match	Yersinia kristensenii	Yersinia kristensenii	latest			2020-06-06		
Yersinia_massiliensis~GCF_013282765.1	Yersinia_massiliensis	SME	419257	Yersinia massiliensis	GCF_013282765.1	exact	exact	yes	Inconclusive	below-threshold-match	Yersinia massiliensis	Yersinia massiliensis	latest			2020-06-06		tax_check_inconclusive
Yersinia_mollaretii~GCF_013282725.1	Yersinia_mollaretii	NCBI-REF	33060	Yersinia mollaretii	GCF_013282725.1	exact	exact	yes	OK	species-match	Yersinia mollaretii	Yersinia mollaretii	latest		assembly from type material	2020-06-06		
Yersinia_pseudotuberculosis~GCF_000834295.1	Yersinia_pseudotuberculosis	SME	633	Yersinia pseudotuberculosis	GCF_000834295.1	exact	exact	yes	OK	species-match	Yersinia pseudotuberculosis	Yersinia pseudotuberculosis	latest			2015-02-09	A/marker	
Yersinia_rochesterensis~GCF_003600645.1	Yersinia_rochesterensis	NCBI-REF	1604335	Yersinia rochesterensis	GCF_003600645.1	exact	exact	yes	OK	species-match	Yersinia rochesterensis	Yersinia rochesterensis	latest		assembly from type material	2018-09-27		
Yersinia_rohdei~GCF_000834455.1	Yersinia_rohdei	NCBI-REF	29485	Yersinia rohdei	GCF_000834455.1	exact	exact	yes	OK	species-match	Yersinia rohdei	Yersinia rohdei	latest			2015-02-09		
